Quantity,Name,Simple Name,Set,Card Number,Set Code,Printing,Condition,Language,Rarity,Product ID,SKU
1,Gaea's Cradle,Gaea's Cradle,Urza's Saga,321,USG,Normal,Near Mint,English,Rare,6883,20361
1,Underground Sea,Underground Sea,Revised Edition,290,3ED,Normal,Near Mint,English,Rare,1599,15730
1,Volcanic Island,Volcanic Island,Revised Edition,291,3ED,Normal,Near Mint,English,Rare,1608,15739
1,Tropical Island,Tropical Island,Revised Edition,288,3ED,Normal,Near Mint,English,Rare,1595,15726
1,Mox Diamond,Mox Diamond,Stronghold,138,STH,Normal,Near Mint,English,Rare,5382,18893
1,Bayou,Bayou,Revised Edition,283,3ED,Normal,Near Mint,English,Rare,1342,15483
1,Tundra,Tundra,Revised Edition,289,3ED,Normal,Near Mint,English,Rare,1597,15728
1,Badlands,Badlands,Revised Edition,282,3ED,Normal,Near Mint,English,Rare,1339,15480
1,Wheel of Fortune,Wheel of Fortune,Revised Edition,185,3ED,Normal,Near Mint,English,Rare,1624,15755
1,Taiga,Taiga,Revised Edition,287,3ED,Normal,Near Mint,English,Rare,1585,15716
1,Grim Monolith,Grim Monolith,Urza's Legacy,126,ULG,Normal,Near Mint,English,Rare,6323,19819
1,Gilded Drake,Gilded Drake,Urza's Saga,76,USG,Normal,Near Mint,English,Rare,6886,20364
1,Savannah,Savannah,Revised Edition,285,3ED,Normal,Near Mint,English,Rare,1552,15685
1,Plateau,Plateau,Revised Edition,284,3ED,Normal,Near Mint,English,Rare,1527,15660
1,Yawgmoth's Will,Yawgmoth's Will,Urza's Saga,171,USG,Normal,Near Mint,English,Rare,7118,20584
1,Scrubland,Scrubland,Revised Edition,286,3ED,Normal,Near Mint,English,Rare,1556,15689
1,Survival of the Fittest,Survival of the Fittest,Exodus,129,EXO,Normal,Near Mint,English,Rare,4416,18313
1,Tolarian Academy,Tolarian Academy,Urza's Saga,330,USG,Normal,Near Mint,English,Rare,7073,20539
1,Lake of the Dead,Lake of the Dead,Alliances,140,ALL,Normal,Near Mint,English,Rare,4183,18107
1,Metalworker,Metalworker,Urza's Destiny,135,UDS,Normal,Near Mint,English,Rare,6209,19705
1,Mana Crypt,Mana Crypt,Double Masters,270,2XM,Normal,Near Mint,English,Mythic,214835,4432947
1,Force of Negation (Retro Frame),Force of Negation,Modern Horizons,9,MH1,Foil,Near Mint,English,Rare,239621,4959039
1,Force of Will,Force of Will,Alliances,28,ALL,Normal,Near Mint,English,Uncommon,4146,18081
1,"Oko, Thief of Crowns (Borderless)","Oko, Thief of Crowns",Throne of Eldraine,271,ELD,Foil,Near Mint,English,Mythic,198357,4174693
1,Treachery,Treachery,Urza's Destiny,50,UDS,Normal,Near Mint,English,Rare,6264,19760
1,Dryad Arbor,Dryad Arbor,Future Sight,174,FUT,Foil,Near Mint,English,Uncommon,14877,50162
1,Blood Moon,Blood Moon,The Dark,58,DRK,Normal,Near Mint,English,Rare,3484,17522
1,Karakas,Karakas,Legends,303,LEG,Normal,Near Mint,English,Uncommon,3925,17878
1,Flooded Strand,Flooded Strand,Onslaught,316,ONS,Normal,Near Mint,English,Rare,10493,22858
1,Liliana of the Veil,Liliana of the Veil,Innistrad,105,ISD,Normal,Near Mint,English,Mythic,52191,501135
1,"Kozilek, Butcher of Truth","Kozilek, Butcher of Truth",Rise of the Eldrazi,6,ROE,Normal,Near Mint,English,Mythic,34700,385336
1,"Ragavan, Nimble Pilferer (Borderless)","Ragavan, Nimble Pilferer",Modern Horizons 2,315,MH2,Normal,Near Mint,English,Mythic,240300,4996575
1,Doubling Season,Doubling Season,Ravnica: City of Guilds,158,RAV,Normal,Near Mint,English,Rare,13261,25028
1,Phyrexian Obliterator,Phyrexian Obliterator,New Phyrexia,68,NPH,Foil,Near Mint,English,Mythic,39421,416802
1,Recurring Nightmare,Recurring Nightmare,Exodus,72,EXO,Normal,Near Mint,English,Rare,4386,18283
1,"Rofellos, Llanowar Emissary","Rofellos, Llanowar Emissary",Urza's Destiny,118,UDS,Normal,Near Mint,English,Rare,6234,19730
1,"Jace, the Mind Sculptor","Jace, the Mind Sculptor",Worldwake,31,WWK,Normal,Near Mint,English,Mythic,34384,382537
1,Rishadan Port,Rishadan Port,Mercadian Masques,324,MMQ,Normal,Near Mint,English,Rare,6667,20151
1,Stoneforge Mystic,Stoneforge Mystic,Worldwake,20,WWK,Normal,Near Mint,English,Rare,34444,382548
1,Sword of Feast and Famine,Sword of Feast and Famine,Mirrodin Besieged,138,MBS,Normal,Near Mint,English,Mythic,39106,414270
1,Karn Liberated (Borderless),Karn Liberated,Double Masters,333,2XM,Foil,Near Mint,English,Mythic,218280,4500324
1,Chrome Mox,Chrome Mox,Mirrodin,152,MRD,Normal,Near Mint,English,Rare,11467,8903
1,"Urza, Lord High Artificer","Urza, Lord High Artificer",Modern Horizons,75,MH1,Normal,Near Mint,English,Mythic,190836,4054830
1,Snapcaster Mage,Snapcaster Mage,Innistrad,78,ISD,Normal,Near Mint,English,Rare,52206,501224
1,Bitterblossom,Bitterblossom,Morningtide,58,MOR,Normal,Near Mint,English,Rare,17950,115682
1,Scalding Tarn,Scalding Tarn,Modern Masters 2017,244,MM3,Normal,Near Mint,English,Rare,128282,3315912
1,Ancient Tomb,Ancient Tomb,Tempest,315,TMP,Normal,Near Mint,English,Uncommon,5457,18968
1,Verdant Catacombs,Verdant Catacombs,Zendikar,229,ZEN,Normal,Near Mint,English,Rare,33470,315319
1,Sensei's Divining Top,Sensei's Divining Top,Champions of Kamigawa,268,CHK,Normal,Near Mint,English,Uncommon,12160,24219
1,Sword of Fire and Ice,Sword of Fire and Ice,Modern Masters,216,MMA,Normal,Near Mint,English,Mythic,68239,1090567
1,Craterhoof Behemoth,Craterhoof Behemoth,Avacyn Restored,172,AVR,Normal,Near Mint,English,Mythic,58187,852215
1,Maze of Ith,Maze of Ith,The Dark,117,DRK,Normal,Near Mint,English,Uncommon,3546,17584
1,Sword of Hearth and Home (Borderless),Sword of Hearth and Home,Modern Horizons 2,324,MH2,Foil,Near Mint,English,Mythic,239612,4958369
1,Crucible of Worlds,Crucible of Worlds,Fifth Dawn,114,5DN,Normal,Near Mint,English,Rare,11791,23864
1,Enlightened Tutor,Enlightened Tutor,Classic Sixth Edition,19,6ED,Normal,Near Mint,English,Uncommon,2546,16652
1,Blightsteel Colossus,Blightsteel Colossus,Mirrodin Besieged,99,MBS,Normal,Near Mint,English,Mythic,39082,413951
1,Sylvan Library,Sylvan Library,Fourth Edition,273,4ED,Normal,Near Mint,English,Rare,1945,16066
1,Wooded Foothills,Wooded Foothills,Khans of Tarkir,249,KTK,Normal,Near Mint,English,Rare,92831,1253982
1,Bloodstained Mire,Bloodstained Mire,Khans of Tarkir,230,KTK,Normal,Near Mint,English,Rare,92830,1253972
1,Polluted Delta,Polluted Delta,Khans of Tarkir,239,KTK,Normal,Near Mint,English,Rare,92829,1253962
1,"Feather, the Redeemed","Feather, the Redeemed",Time Spiral: Remastered,377,TSR,Foil,Near Mint,English,Special,234046,4816454
1,"Emrakul, the Aeons Torn","Emrakul, the Aeons Torn",Prerelease Cards,4★,PRE,Foil,Near Mint,English,Promo,38377,407392
1,Damnation,Damnation,Planar Chaos,85,PLC,Normal,Near Mint,English,Rare,14703,26184
1,Marsh Flats,Marsh Flats,Zendikar,219,ZEN,Normal,Near Mint,English,Rare,33365,315154
1,Pact of Negation,Pact of Negation,Future Sight,42,FUT,Normal,Near Mint,English,Rare,14954,26435
1,Mirri's Guile,Mirri's Guile,Tempest,236,TMP,Normal,Near Mint,English,Rare,5632,19137
1,Demonic Tutor,Demonic Tutor,Revised Edition,105,3ED,Normal,Near Mint,English,Uncommon,1388,15529
1,Tarmogoyf,Tarmogoyf,Modern Masters,166,MMA,Normal,Near Mint,English,Mythic,68103,1086062
1,Wasteland,Wasteland,Tempest,330,TMP,Normal,Near Mint,English,Uncommon,5789,19285
1,"Vorinclex, Monstrous Raider (Showcase)","Vorinclex, Monstrous Raider",Kaldheim,320,KHM,Normal,Near Mint,English,Mythic,230136,4706132
1,"Avacyn, Angel of Hope","Avacyn, Angel of Hope",Avacyn Restored,6,AVR,Normal,Near Mint,English,Mythic,58167,852049
1,Blood Crypt,Blood Crypt,Dissension,171,DIS,Normal,Near Mint,English,Rare,13831,25433
1,The Great Henge,The Great Henge,Throne of Eldraine,161,ELD,Normal,Near Mint,English,Mythic,199361,4205734
1,Misty Rainforest,Misty Rainforest,Modern Horizons 2,250,MH2,Normal,Near Mint,English,Rare,238609,4942872
1,Thoughtseize (Borderless),Thoughtseize,Double Masters,344,2XM,Foil,Near Mint,English,Rare,218935,4512524
1,Feldon of the Third Path,Feldon of the Third Path,Time Spiral: Remastered,344,TSR,Foil,Near Mint,English,Special,233943,4809331
1,Natural Order,Natural Order,Visions,114,VIS,Normal,Near Mint,English,Rare,5889,19385
1,"Emrakul, the Promised End","Emrakul, the Promised End",Eldritch Moon,6,EMN,Normal,Near Mint,English,Mythic,119260,3149726
1,"Ugin, the Spirit Dragon (Showcase)","Ugin, the Spirit Dragon",Core Set 2021,285,M21,Normal,Near Mint,English,Mythic,215339,4436025
1,Dark Confidant,Dark Confidant,Modern Masters,75,MMA,Normal,Near Mint,English,Mythic,68218,1090406
1,Land Tax,Land Tax,Fourth Edition,34,4ED,Normal,Near Mint,English,Rare,1818,15945
1,Anointed Procession,Anointed Procession,Amonkhet,2,AKH,Normal,Near Mint,English,Rare,130149,3328060
1,"Elesh Norn, Grand Cenobite","Elesh Norn, Grand Cenobite",New Phyrexia,9,NPH,Normal,Near Mint,English,Mythic,39414,416744
1,Inkmoth Nexus,Inkmoth Nexus,Mirrodin Besieged,145,MBS,Normal,Near Mint,English,Rare,39095,414272
1,Oracle of Mul Daya,Oracle of Mul Daya,Zendikar,172,ZEN,Normal,Near Mint,English,Rare,33387,315334
1,Grave Pact,Grave Pact,Planechase,28,HOP,Normal,Near Mint,English,Rare,37373,397101
1,"Teferi, Hero of Dominaria","Teferi, Hero of Dominaria",Dominaria,207,DOM,Normal,Near Mint,English,Mythic,162150,3613769
1,Sneak Attack,Sneak Attack,Urza's Saga,218,USG,Normal,Near Mint,English,Rare,7046,20515
1,City of Brass,City of Brass,Modern Masters,221,MMA,Normal,Near Mint,English,Rare,68244,1090566
1,Dark Depths,Dark Depths,Coldsnap,145,CSP,Normal,Near Mint,English,Rare,14023,25625
1,Vesuva,Vesuva,Time Spiral,281,TSP,Normal,Near Mint,English,Rare,14418,26020
1,Phyrexian Arena,Phyrexian Arena,Apocalypse,47,APC,Normal,Near Mint,English,Rare,8008,21446
1,Recruiter of the Guard,Recruiter of the Guard,Conspiracy: Take the Crown,22,CN2,Normal,Near Mint,English,Rare,121450,3192657
1,Windswept Heath,Windswept Heath,Khans of Tarkir,248,KTK,Normal,Near Mint,English,Rare,92832,1253992
1,Ignoble Hierarch (Retro Frame),Ignoble Hierarch,Modern Horizons 2,414,MH2,Foil,Near Mint,English,Rare,240267,4993920
1,Wurmcoil Engine,Wurmcoil Engine,Prerelease Cards,223★,PRE,Foil,Near Mint,English,Promo,38405,407730
1,"Kroxa, Titan of Death's Hunger","Kroxa, Titan of Death's Hunger",Theros Beyond Death,221,THB,Normal,Near Mint,English,Mythic,206855,4299992
1,Reflecting Pool,Reflecting Pool,Conspiracy,210,CNS,Normal,Near Mint,English,Rare,83296,1188710
1,Gamble,Gamble,Urza's Saga,188,USG,Normal,Near Mint,English,Rare,6885,20363
1,Umezawa's Jitte,Umezawa's Jitte,Betrayers of Kamigawa,163,BOK,Normal,Near Mint,English,Rare,12383,24441
1,Horizon Canopy,Horizon Canopy,Iconic Masters,240,IMA,Normal,Near Mint,English,Rare,145341,3466937
1,Bribery,Bribery,8th Edition,64,8ED,Normal,Near Mint,English,Rare,11024,23386
1,Cryptic Command,Cryptic Command,Lorwyn,56,LRW,Normal,Near Mint,English,Rare,15456,2631
1,Dack Fayden,Dack Fayden,Conspiracy,42,CNS,Normal,Near Mint,English,Mythic,82431,1184470
1,Cyclonic Rift,Cyclonic Rift,Return to Ravnica,35,RTR,Normal,Near Mint,English,Rare,66473,1043416
1,Entomb,Entomb,Premium Deck Series: Graveborn,14,GRV,Foil,Near Mint,English,Promo,57248,734587
1,"Linvala, Keeper of Silence","Linvala, Keeper of Silence",Rise of the Eldrazi,33,ROE,Normal,Near Mint,English,Mythic,34727,385440
1,Drannith Magistrate (Extended Art),Drannith Magistrate,Ikoria: Lair of Behemoths,314,IKO,Foil,Near Mint,English,Rare,212235,4374268
1,Urza's Saga,Urza's Saga,Modern Horizons 2,259,MH2,Normal,Near Mint,English,Rare,238619,4943722
1,Geralf's Messenger,Geralf's Messenger,Dark Ascension,63,DKA,Normal,Near Mint,English,Rare,57683,760659
1,Sword of Light and Shadow,Sword of Light and Shadow,Darksteel,149,DST,Normal,Near Mint,English,Rare,11602,23678
1,"Urborg, Tomb of Yawgmoth","Urborg, Tomb of Yawgmoth",Magic 2015 (M15),248,M15,Normal,Near Mint,English,Rare,91106,1229146
1,Steam Vents,Steam Vents,Guildpact,164,GPT,Normal,Near Mint,English,Rare,13787,25389
1,"Nykthos, Shrine to Nyx","Nykthos, Shrine to Nyx",Theros,223,THS,Normal,Near Mint,English,Rare,71039,1131804
1,Murktide Regent (Showcase),Murktide Regent,Modern Horizons 2,337,MH2,Normal,Near Mint,English,Mythic,240319,4998005
1,Hydroid Krasis,Hydroid Krasis,Ravnica Allegiance,183,RNA,Foil,Near Mint,English,Mythic,182840,3929061
1,"Kiki-Jiki, Mirror Breaker","Kiki-Jiki, Mirror Breaker",Champions of Kamigawa,175,CHK,Normal,Near Mint,English,Rare,12062,24121
1,Mystical Tutor,Mystical Tutor,Mirage,80,MIR,Normal,Near Mint,English,Uncommon,5159,13015
1,Noble Hierarch,Noble Hierarch,Conflux,87,CON,Normal,Near Mint,English,Rare,28579,255358
1,Show and Tell,Show and Tell,Urza's Saga,96,USG,Normal,Near Mint,English,Rare,7036,20505
1,Breeding Pool,Breeding Pool,Gatecrash,240,GTC,Normal,Near Mint,English,Rare,67319,1066427
1,"Kokusho, the Evening Star","Kokusho, the Evening Star",Champions of Kamigawa,122,CHK,Normal,Near Mint,English,Rare,12073,24132
1,Vindicate,Vindicate,Apocalypse,126,APC,Normal,Near Mint,English,Rare,8046,21484
1,"Liliana, the Last Hope","Liliana, the Last Hope",Eldritch Moon,93,EMN,Normal,Near Mint,English,Mythic,120266,3157769
1,Goldspan Dragon,Goldspan Dragon,Kaldheim,139,KHM,Normal,Near Mint,English,Mythic,230161,4708658
1,Mana Confluence,Mana Confluence,Journey Into Nyx,163,JOU,Normal,Near Mint,English,Rare,82224,1182762
1,"Sheoldred, Whispering One","Sheoldred, Whispering One",Prerelease Cards,73★,PRE,Foil,Near Mint,English,Promo,39453,417070
1,Solitude,Solitude,Modern Horizons 2,32,MH2,Normal,Near Mint,English,Mythic,240037,4978425
1,Watery Grave,Watery Grave,Ravnica: City of Guilds,286,RAV,Normal,Near Mint,English,Rare,13475,25242
1,Tangle Wire,Tangle Wire,Nemesis,139,NMS,Normal,Near Mint,English,Rare,7251,20717
1,Ophiomancer,Ophiomancer,Commander 2013,84,C13,Normal,Near Mint,English,Rare,71878,1137220
1,Arid Mesa,Arid Mesa,Modern Horizons 2,244,MH2,Normal,Near Mint,English,Rare,238607,4942652
1,Defense of the Heart,Defense of the Heart,Urza's Legacy,100,ULG,Normal,Near Mint,English,Rare,6301,19797
1,Brazen Borrower,Brazen Borrower,Throne of Eldraine,39,ELD,Normal,Near Mint,English,Mythic,199387,4206138
1,Grief,Grief,Modern Horizons 2,87,MH2,Normal,Near Mint,English,Mythic,239402,4951899
1,Sacred Foundry,Sacred Foundry,Gatecrash,245,GTC,Normal,Near Mint,English,Rare,67321,1066422
1,Angel of Serenity,Angel of Serenity,Return to Ravnica,1,RTR,Foil,Near Mint,English,Mythic,66493,1043485
1,Monastery Mentor,Monastery Mentor,Fate Reforged,20,FRF,Normal,Near Mint,English,Mythic,95274,1277678
1,Ranger-Captain of Eos,Ranger-Captain of Eos,Modern Horizons,21,MH1,Normal,Near Mint,English,Mythic,190873,4055246
1,Primordial Hydra,Primordial Hydra,Magic 2013 (M13),183,M13,Normal,Near Mint,English,Mythic,59719,934710
1,Collected Company,Collected Company,Dragons of Tarkir,177,DTK,Normal,Near Mint,English,Rare,96501,2737072
1,Phantasmal Image,Phantasmal Image,Magic 2012 (M12),72,M12,Normal,Near Mint,English,Rare,47629,474502
1,The Scarab God,The Scarab God,Double Masters,216,2XM,Normal,Near Mint,English,Mythic,219023,4513820
1,Esper Sentinel (Showcase),Esper Sentinel,Modern Horizons 2,328,MH2,Normal,Near Mint,English,Rare,240036,4978315
1,Goblin Welder,Goblin Welder,Urza's Legacy,80,ULG,Normal,Near Mint,English,Rare,6321,19817
1,Bloodghast,Bloodghast,Zendikar,83,ZEN,Normal,Near Mint,English,Rare,33266,315274
1,Strip Mine,Strip Mine,Fourth Edition,363,4ED,Normal,Near Mint,English,Uncommon,1938,16061
1,Bloodforged Battle-Axe,Bloodforged Battle-Axe,Commander 2017,50,C17,Normal,Near Mint,English,Rare,139792,3449093
1,Attrition,Attrition,Commander,72,CMD,Normal,Near Mint,English,Rare,47411,471665
1,Progenitus,Progenitus,From the Vault: Legends,9,V11,Foil,Near Mint,English,Promo,48149,477573
1,Overgrown Tomb,Overgrown Tomb,Return to Ravnica,243,RTR,Normal,Near Mint,English,Rare,66417,1042559
1,Reanimate,Reanimate,Archenemy,21,ARC,Normal,Near Mint,English,Uncommon,37211,397573
1,"Gisela, Blade of Goldnight","Gisela, Blade of Goldnight",Avacyn Restored,209,AVR,Normal,Near Mint,English,Mythic,58268,853069
1,"Garruk, Apex Predator","Garruk, Apex Predator",Magic 2015 (M15),210,M15,Normal,Near Mint,English,Mythic,91107,1229156
1,Sword of Body and Mind,Sword of Body and Mind,From the Vault: Relics,14,V10,Foil,Near Mint,English,Mythic,36769,399464
1,Oath of Druids,Oath of Druids,Exodus,115,EXO,Normal,Near Mint,English,Rare,4360,18257
1,Basilisk Collar,Basilisk Collar,Worldwake,122,WWK,Foil,Near Mint,English,Rare,34334,382911
1,"Thassa, God of the Sea","Thassa, God of the Sea",Theros,66,THS,Normal,Near Mint,English,Mythic,70991,1131288
1,Flusterstorm,Flusterstorm,Iconic Masters,55,IMA,Normal,Near Mint,English,Rare,145340,3466927
1,Imperial Recruiter (Borderless),Imperial Recruiter,Modern Horizons 2,314,MH2,Normal,Near Mint,English,Mythic,239770,4968291
1,Aura Shards,Aura Shards,Commander,182,CMD,Normal,Near Mint,English,Uncommon,47412,471765
1,Shadowspear,Shadowspear,Theros Beyond Death,236,THB,Normal,Near Mint,English,Rare,206978,4303293
1,Sylvan Safekeeper,Sylvan Safekeeper,Commander 2014,217,C14,Normal,Near Mint,English,Rare,94385,1271272
1,Kolaghan's Command,Kolaghan's Command,Dragons of Tarkir,224,DTK,Normal,Near Mint,English,Rare,96518,2737237
1,Glen Elendra Archmage,Glen Elendra Archmage,Eventide,22,EVE,Normal,Near Mint,English,Rare,27124,182796
1,"Brimaz, King of Oreskos","Brimaz, King of Oreskos",Born of the Gods,5,BNG,Normal,Near Mint,English,Mythic,78846,1164471
1,Griselbrand,Griselbrand,Avacyn Restored,106,AVR,Normal,Near Mint,English,Mythic,58181,852071
1,Batterskull,Batterskull,Grand Prix Promos,2014,GPP,Foil,Near Mint,English,Promo,77847,1158936
1,Grave Titan,Grave Titan,Magic 2011 (M11),97,M11,Normal,Near Mint,English,Mythic,35553,390986
1,"Sigarda, Host of Herons","Sigarda, Host of Herons",Avacyn Restored,210,AVR,Normal,Near Mint,English,Mythic,58185,852077
1,"Yavimaya, Cradle of Growth","Yavimaya, Cradle of Growth",Modern Horizons 2,261,MH2,Normal,Near Mint,English,Rare,240045,4979305
1,Tireless Tracker,Tireless Tracker,Shadows over Innistrad,233,SOI,Normal,Near Mint,English,Rare,115943,3099491
1,Coercive Portal,Coercive Portal,Conspiracy,56,CNS,Normal,Near Mint,English,Mythic,83163,1187389
1,Godless Shrine,Godless Shrine,Gatecrash,242,GTC,Normal,Near Mint,English,Rare,67320,1066418
1,Birds of Paradise,Birds of Paradise,Magic 2012 (M12),165,M12,Normal,Near Mint,English,Rare,47708,474900
1,Temple Garden,Temple Garden,Return to Ravnica,248,RTR,Normal,Near Mint,English,Rare,66421,1042514
1,"Venser, Shaper Savant","Venser, Shaper Savant",From the Vault: Twenty,15,V13,Foil,Near Mint,English,Mythic,70758,1129847
1,Song of the Dryads,Song of the Dryads,Commander 2014,47,C14,Normal,Near Mint,English,Rare,94382,1271257
1,"Elspeth, Knight-Errant","Elspeth, Knight-Errant",Duel Decks: Elspeth vs. Tezzeret,1,DDF,Foil,Near Mint,English,Mythic,36936,399883
1,Damn (Retro Frame),Damn,Modern Horizons 2,396,MH2,Normal,Near Mint,English,Rare,240109,4981792
1,Dreadbore,Dreadbore,Return to Ravnica,157,RTR,Foil,Near Mint,English,Rare,66396,1042603
1,"Elspeth, Sun's Champion","Elspeth, Sun's Champion",Theros,9,THS,Normal,Near Mint,English,Mythic,71002,1131410
1,"Thalia, Guardian of Thraben","Thalia, Guardian of Thraben",Dark Ascension,24,DKA,Normal,Near Mint,English,Rare,57621,760256
1,Vigor,Vigor,Lorwyn,240,LRW,Normal,Near Mint,English,Rare,15666,4311
1,Goblin Sharpshooter,Goblin Sharpshooter,Commander 2013,111,C13,Normal,Near Mint,English,Rare,72130,1139494
1,Stomping Ground,Stomping Ground,Gatecrash,247,GTC,Normal,Near Mint,English,Rare,67322,1066425
1,Vendilion Clique,Vendilion Clique,Modern Masters,70,MMA,Normal,Near Mint,English,Mythic,68252,1090695
1,Weathered Wayfarer,Weathered Wayfarer,Onslaught,59,ONS,Normal,Near Mint,English,Rare,10318,22704
1,Primeval Titan,Primeval Titan,Magic 2011 (M11),192,M11,Normal,Near Mint,English,Mythic,35557,390989
1,Mutavault,Mutavault,Magic 2014 (M14),228,M14,Normal,Near Mint,English,Rare,69900,1124864
1,Deathrite Shaman,Deathrite Shaman,Eternal Masters,215,EMA,Normal,Near Mint,English,Rare,118409,3144412
1,Gemstone Mine,Gemstone Mine,Timeshifted,119,TSB,Normal,Near Mint,English,Uncommon,14598,26079
1,Avenger of Zendikar,Avenger of Zendikar,Worldwake,96,WWK,Normal,Near Mint,English,Mythic,34333,382578
1,Mox Tantalite,Mox Tantalite,Modern Horizons,226,MH1,Normal,Near Mint,English,Mythic,190981,4057640
1,Fabled Passage,Fabled Passage,Core Set 2021,246,M21,Foil,Near Mint,English,Rare,215556,4448793
1,Huntmaster of the Fells,Huntmaster of the Fells,Dark Ascension,140,DKA,Normal,Near Mint,English,Mythic,57633,760294
1,Academy Ruins,Academy Ruins,Time Spiral,269,TSP,Normal,Near Mint,English,Rare,14150,25752
1,Karmic Guide,Karmic Guide,Commander 2013,14,C13,Normal,Near Mint,English,Rare,72166,1139674
1,Chain of Vapor,Chain of Vapor,Onslaught,73,ONS,Normal,Near Mint,English,Uncommon,10327,22710
1,"Kira, Great Glass-Spinner","Kira, Great Glass-Spinner",Betrayers of Kamigawa,40,BOK,Normal,Near Mint,English,Rare,12295,24353
1,Carnage Tyrant,Carnage Tyrant,Ixalan,179,XLN,Normal,Near Mint,English,Mythic,142022,3457561
1,"Karn, Scion of Urza","Karn, Scion of Urza",Dominaria,1,DOM,Normal,Near Mint,English,Mythic,162259,3614859
1,"Teferi, Master of Time","Teferi, Master of Time",Core Set 2021,75,M21,Normal,Near Mint,English,Mythic,215349,4436965
1,"Kytheon, Hero of Akros","Kytheon, Hero of Akros",Prerelease Cards,23s,PRE,Foil,Near Mint,English,Mythic,100574,2902437
1,Ghostly Prison,Ghostly Prison,FNM Promos,2,FNM,Foil,Near Mint,English,Promo,38104,407710
1,Skullclamp,Skullclamp,Commander,260,CMD,Normal,Near Mint,English,Uncommon,47427,471828
1,Hallowed Fountain,Hallowed Fountain,Return to Ravnica,241,RTR,Normal,Near Mint,English,Rare,66415,1042513
1,Hinterland Harbor,Hinterland Harbor,Innistrad,241,ISD,Normal,Near Mint,English,Rare,52177,500296
1,Worldspine Wurm,Worldspine Wurm,Return to Ravnica,140,RTR,Normal,Near Mint,English,Mythic,66448,1043186
1,Vedalken Shackles,Vedalken Shackles,Modern Masters,218,MMA,Normal,Near Mint,English,Mythic,68251,1090686
1,Ancestral Vision,Ancestral Vision,Time Spiral,48,TSP,Normal,Near Mint,English,Rare,14155,25757
1,Chromatic Lantern,Chromatic Lantern,Return to Ravnica,226,RTR,Normal,Near Mint,English,Rare,66410,1042536
1,Mizzix's Mastery,Mizzix's Mastery,Strixhaven: Mystical Archives,43,STA,Normal,Near Mint,English,Mythic,235501,4883388
1,Saffi Eriksdotter,Saffi Eriksdotter,Time Spiral,245,TSP,Normal,Near Mint,English,Rare,14342,25944
1,Phyrexian Metamorph,Phyrexian Metamorph,Launch Party & Release Event Promos,42★,LARP,Foil,Near Mint,English,Promo,39455,417069
1,Falkenrath Aristocrat,Falkenrath Aristocrat,Dark Ascension,138,DKA,Foil,Near Mint,English,Mythic,57618,760222
1,Goblin Guide,Goblin Guide,Zendikar,126,ZEN,Normal,Near Mint,English,Rare,33305,315189
1,Dance of the Dead,Dance of the Dead,Ice Age,118,ICE,Normal,Near Mint,English,Uncommon,4639,18510
1,"Keranos, God of Storms","Keranos, God of Storms",Journey Into Nyx,151,JOU,Normal,Near Mint,English,Mythic,82179,1182440
1,Wrath of God,Wrath of God,9th Edition,56,9ED,Normal,Near Mint,English,Rare,12893,24951
1,Selfless Spirit,Selfless Spirit,Eldritch Moon,40,EMN,Normal,Near Mint,English,Rare,120285,3157964
1,Living Death,Living Death,Duel Decks: Phyrexia vs. the Coalition,31,DDE,Normal,Near Mint,English,Rare,36867,397467
1,Hero of Bladehold,Hero of Bladehold,Prerelease Cards,8★,PRE,Foil,Near Mint,English,Promo,48140,477564
1,Shardless Agent,Shardless Agent,Eternal Masters,206,EMA,Normal,Near Mint,English,Rare,118452,3144842
1,"Sorin, Lord of Innistrad","Sorin, Lord of Innistrad",Dark Ascension,142,DKA,Normal,Near Mint,English,Mythic,57619,760211
1,Mother of Runes,Mother of Runes,Urza's Legacy,14,ULG,Normal,Near Mint,English,Uncommon,6345,19841
1,Tidehollow Sculler,Tidehollow Sculler,FNM Promos,1,FNM,Foil,Near Mint,English,Promo,38168,407414
1,Olivia Voldaren,Olivia Voldaren,Innistrad,215,ISD,Normal,Near Mint,English,Mythic,52181,500336
1,Garruk Wildspeaker,Garruk Wildspeaker,Lorwyn,213,LRW,Normal,Near Mint,English,Rare,15501,2991
1,Spell Queller,Spell Queller,Eldritch Moon,189,EMN,Normal,Near Mint,English,Rare,120286,3157974
1,Lightning Greaves,Lightning Greaves,Mirrodin,199,MRD,Normal,Near Mint,English,Uncommon,11512,9263
1,Woodland Cemetery,Woodland Cemetery,Innistrad,249,ISD,Normal,Near Mint,English,Rare,52175,500341
1,Clifftop Retreat,Clifftop Retreat,Innistrad,238,ISD,Normal,Near Mint,English,Rare,52176,500369
1,Hangarback Walker,Hangarback Walker,Magic Origins,229,ORI,Normal,Near Mint,English,Rare,100305,2899652
1,Drowned Catacomb,Drowned Catacomb,Magic 2011 (M11),224,M11,Normal,Near Mint,English,Rare,35442,389685
1,Joraga Treespeaker,Joraga Treespeaker,Rise of the Eldrazi,190,ROE,Normal,Near Mint,English,Uncommon,34884,385426
1,Fury,Fury,Modern Horizons 2,126,MH2,Normal,Near Mint,English,Mythic,240325,4998338
1,Underworld Breach,Underworld Breach,Theros Beyond Death,161,THB,Normal,Near Mint,English,Rare,206642,4288480
1,Channel,Channel,Unlimited Edition,189,2ED,Normal,Near Mint,English,Uncommon,9002,21816
1,Supreme Verdict,Supreme Verdict,Return to Ravnica,201,RTR,Normal,Near Mint,English,Rare,66459,1043267
1,Archangel Avacyn,Archangel Avacyn,Shadows over Innistrad,5,SOI,Normal,Near Mint,English,Mythic,114848,3092911
1,Council's Judgment (Borderless),Council's Judgment,Double Masters,336,2XM,Foil,Near Mint,English,Rare,218451,4503970
1,Pernicious Deed,Pernicious Deed,Conspiracy,191,CNS,Normal,Near Mint,English,Mythic,83269,1188445
1,Slaughter Pact,Slaughter Pact,Future Sight,78,FUT,Normal,Near Mint,English,Rare,14985,26466
1,Gaddock Teeg,Gaddock Teeg,Lorwyn,248,LRW,Normal,Near Mint,English,Rare,15499,2975
1,Bedlam Reveler,Bedlam Reveler,Prerelease Cards,118s,PRE,Foil,Near Mint,English,Rare,120714,3165664
1,Gilded Goose,Gilded Goose,Throne of Eldraine,160,ELD,Normal,Near Mint,English,Rare,198394,4176235
1,Pithing Needle,Pithing Needle,Return to Ravnica,231,RTR,Normal,Near Mint,English,Rare,66505,1043618
1,Remand,Remand,Ravnica: City of Guilds,63,RAV,Normal,Near Mint,English,Uncommon,13390,25157
1,Meekstone,Meekstone,7th Edition,307,7ED,Normal,Near Mint,English,Rare,2989,17074
1,Koth of the Hammer,Koth of the Hammer,Scars of Mirrodin,94,SOM,Normal,Near Mint,English,Mythic,36315,394047
1,Boros Signet,Boros Signet,Modern Masters 2017,217,MM3,Foil,Near Mint,English,Uncommon,128638,3317172
1,Whip of Erebos,Whip of Erebos,Theros,110,THS,Normal,Near Mint,English,Rare,71354,1134163
1,Abrupt Decay,Abrupt Decay,Return to Ravnica,141,RTR,Normal,Near Mint,English,Rare,66457,1043269
1,Swords to Plowshares,Swords to Plowshares,Eternal Masters,32,EMA,Foil,Near Mint,English,Uncommon,118607,3145807
1,"Sorin, Grim Nemesis","Sorin, Grim Nemesis",Shadows over Innistrad,251,SOI,Normal,Near Mint,English,Mythic,115895,3099031
1,Sulfur Falls,Sulfur Falls,Innistrad,248,ISD,Normal,Near Mint,English,Rare,52179,500385
1,Glacial Fortress,Glacial Fortress,Magic 2011 (M11),225,M11,Normal,Near Mint,English,Rare,35444,389667
1,Relic of Progenitus,Relic of Progenitus,Modern Masters,213,MMA,Normal,Near Mint,English,Uncommon,68451,1092725
1,Vexing Devil,Vexing Devil,Avacyn Restored,164,AVR,Normal,Near Mint,English,Rare,58287,853062
1,Chord of Calling,Chord of Calling,Magic 2015 (M15),172,M15,Normal,Near Mint,English,Rare,91110,1229182
1,Chasm Skulker,Chasm Skulker,Magic 2015 (M15),46,M15,Normal,Near Mint,English,Rare,90837,1226381
1,Desertion,Desertion,Visions,30,VIS,Normal,Near Mint,English,Rare,5824,19320
1,"Oona, Queen of the Fae","Oona, Queen of the Fae",Shadowmoor,172,SHM,Normal,Near Mint,English,Rare,18728,116910
1,Animate Dead,Animate Dead,Premium Deck Series: Graveborn,16,GRV,Foil,Near Mint,English,Promo,57244,734584
1,Coalition Relic,Coalition Relic,Duel Decks: Phyrexia vs. the Coalition,54,DDE,Normal,Near Mint,English,Rare,36850,397427
1,"Glissa, the Traitor","Glissa, the Traitor",Mirrodin Besieged,96,MBS,Normal,Near Mint,English,Mythic,39035,413848
1,"Ashiok, Nightmare Weaver","Ashiok, Nightmare Weaver",Theros,188,THS,Normal,Near Mint,English,Mythic,71088,1132253
1,Sudden Spoiling,Sudden Spoiling,Commander 2013,94,C13,Normal,Near Mint,English,Rare,72292,1140304
1,"Padeem, Consul of Innovation","Padeem, Consul of Innovation",Kaladesh,59,KLD,Foil,Near Mint,English,Rare,122930,3202627
1,Sol Ring,Sol Ring,Commander,261,CMD,Normal,Near Mint,English,Uncommon,46942,468951
1,Baleful Strix,Baleful Strix,Planechase 2012,82,PC2,Normal,Near Mint,English,Uncommon,59523,933151
1,Spellskite,Spellskite,New Phyrexia,159,NPH,Normal,Near Mint,English,Rare,39431,416745
1,"Chevill, Bane of Monsters (Extended Art)","Chevill, Bane of Monsters",Ikoria: Lair of Behemoths,330,IKO,Normal,Near Mint,English,Mythic,212249,4375283
1,Fatal Push,Fatal Push,FNM Promos,8,FNM,Foil,Near Mint,English,Promo,144780,3463714
1,Goryo's Vengeance,Goryo's Vengeance,Betrayers of Kamigawa,67,BOK,Normal,Near Mint,English,Rare,12271,24329
1,Balance,Balance,From the Vault: Exiled,1,V09,Foil,Near Mint,English,Mythic,32774,311611
1,Path to Exile,Path to Exile,Modern Masters,25,MMA,Normal,Near Mint,English,Uncommon,68306,1091275
1,"Shalai, Voice of Plenty","Shalai, Voice of Plenty",Dominaria,35,DOM,Normal,Near Mint,English,Rare,164228,3634740
1,"Tasigur, the Golden Fang","Tasigur, the Golden Fang",Prerelease Cards,87s,PRE,Foil,Near Mint,English,Promo,95626,1280206
1,Legion Loyalist,Legion Loyalist,Gatecrash,97,GTC,Normal,Near Mint,English,Rare,67436,1067657
1,Lightning Bolt,Lightning Bolt,Strixhaven: Mystical Archives,42,STA,Normal,Near Mint,English,Rare,235143,4883078
1,Profane Tutor (Extended Art),Profane Tutor,Modern Horizons 2,452,MH2,Foil,Near Mint,English,Rare,239413,4953014
1,Eldrazi Displacer,Eldrazi Displacer,Oath of the Gatewatch,13,OGW,Normal,Near Mint,English,Rare,110832,3042904
1,Dire Fleet Daredevil,Dire Fleet Daredevil,Rivals of Ixalan,99,RIX,Normal,Near Mint,English,Rare,155706,3569154
1,Inquisition of Kozilek,Inquisition of Kozilek,Strixhaven: Mystical Archives,31,STA,Normal,Near Mint,English,Rare,235377,4882958
1,Staff of Domination,Staff of Domination,Commander Legends,343,CMR,Normal,Near Mint,English,Rare,226687,4640916
1,Vizier of the Menagerie,Vizier of the Menagerie,Amonkhet,192,AKH,Normal,Near Mint,English,Mythic,129985,3327160
1,Malicious Affliction,Malicious Affliction,Eternal Masters,96,EMA,Foil,Near Mint,English,Rare,118765,3147387
1,"Ajani, Caller of the Pride","Ajani, Caller of the Pride",Magic 2013 (M13),1,M13,Normal,Near Mint,English,Mythic,59813,936907
1,"Muzzio, Visionary Architect","Muzzio, Visionary Architect",Conspiracy,23,CNS,Normal,Near Mint,English,Mythic,82900,1186549
1,Eternal Witness,Eternal Witness,Duel Decks: Izzet vs. Golgari,55,DDJ,Normal,Near Mint,English,Uncommon,66351,1041825
1,Ramunap Excavator,Ramunap Excavator,Hour of Devastation,129,HOU,Normal,Near Mint,English,Rare,134886,3410237
1,Dragonskull Summit,Dragonskull Summit,Magic 2013 (M13),222,M13,Normal,Near Mint,English,Rare,59829,937312
1,Smuggler's Copter,Smuggler's Copter,Kaladesh,235,KLD,Normal,Near Mint,English,Rare,122743,3201349
1,Burning-Tree Emissary,Burning-Tree Emissary,Gatecrash,216,GTC,Foil,Near Mint,English,Uncommon,67349,1066746
1,Sylvan Caryatid,Sylvan Caryatid,Theros,180,THS,Normal,Near Mint,English,Rare,71045,1131866
1,"Nissa, Voice of Zendikar","Nissa, Voice of Zendikar",Oath of the Gatewatch,138,OGW,Normal,Near Mint,English,Mythic,110797,3042559
1,"Thrun, the Last Troll","Thrun, the Last Troll",Mirrodin Besieged,92,MBS,Normal,Near Mint,English,Mythic,39052,413970
1,Pendelhaven,Pendelhaven,FNM Promos,5,FNM,Foil,Near Mint,English,Promo,38138,407645
1,Student of Warfare,Student of Warfare,Rise of the Eldrazi,47,ROE,Normal,Near Mint,English,Rare,34741,385429
1,Courser of Kruphix,Courser of Kruphix,Born of the Gods,119,BNG,Normal,Near Mint,English,Rare,79097,1165906
1,"Vivien, Arkbow Ranger","Vivien, Arkbow Ranger",Core Set 2020,199,M20,Normal,Near Mint,English,Mythic,192698,4107745
1,Sunpetal Grove,Sunpetal Grove,Magic 2012 (M12),229,M12,Normal,Near Mint,English,Rare,47661,474672
1,Mirrorpool,Mirrorpool,Oath of the Gatewatch,174,OGW,Normal,Near Mint,English,Mythic,110694,3041990
1,Secure the Wastes,Secure the Wastes,Dragons of Tarkir,36,DTK,Normal,Near Mint,English,Rare,96630,2743039
1,Ephemerate,Ephemerate,Strixhaven: Mystical Archives,5,STA,Normal,Near Mint,English,Rare,235370,4882413
1,Imprisoned in the Moon,Imprisoned in the Moon,Eldritch Moon,65,EMN,Normal,Near Mint,English,Rare,120434,3158344
1,"Isamaru, Hound of Konda","Isamaru, Hound of Konda",Champions of Kamigawa,19,CHK,Normal,Near Mint,English,Rare,12040,24099
1,Thundermaw Hellkite,Thundermaw Hellkite,Magic 2013 (M13),150,M13,Normal,Near Mint,English,Mythic,59841,937318
1,Counterspell (Borderless),Counterspell,Modern Horizons 2,308,MH2,Normal,Near Mint,English,Rare,238618,4943612
1,Dismember,Dismember,New Phyrexia,57,NPH,Normal,Near Mint,English,Uncommon,39509,417188
1,Voice of Resurgence,Voice of Resurgence,Modern Masters 2017,200,MM3,Normal,Near Mint,English,Mythic,128664,3317427
1,"Edric, Spymaster of Trest","Edric, Spymaster of Trest",Commander,196,CMD,Normal,Near Mint,English,Rare,46930,468948
1,Goblin Rabblemaster,Goblin Rabblemaster,Magic 2015 (M15),145,M15,Normal,Near Mint,English,Rare,90858,1226591
1,Lotus Cobra (Showcase),Lotus Cobra,Zendikar Rising,307,ZNR,Foil,Near Mint,English,Rare,221791,4540983
1,Fulminator Mage,Fulminator Mage,Shadowmoor,188,SHM,Normal,Near Mint,English,Rare,18640,116822
1,Blasphemous Act,Blasphemous Act,Innistrad,130,ISD,Normal,Near Mint,English,Rare,55902,505032
1,Chain Lightning,Chain Lightning,Premium Deck Series: Fire and Lightning,16,PD2,Foil,Near Mint,English,Common,38666,412058
1,Reclamation Sage,Reclamation Sage,Game Day & Store Championship Promos,194,GAME,Normal,Near Mint,English,Uncommon,91624,1240087
1,Rootbound Crag,Rootbound Crag,Magic 2013 (M13),228,M13,Normal,Near Mint,English,Rare,59832,937314
1,Blasphemous Act,Blasphemous Act,Commander 2014,172,C14,Normal,Near Mint,English,Rare,94334,1271015
1,Monastery Swiftspear,Monastery Swiftspear,Khans of Tarkir,118,KTK,Normal,Near Mint,English,Uncommon,93281,1258827
1,Bonecrusher Giant,Bonecrusher Giant,Prerelease Cards,115s,PRE,Foil,Near Mint,English,Rare,199902,4220142
1,Chainer's Edict,Chainer's Edict,Torment,57,TOR,Normal,Near Mint,English,Uncommon,9652,22447
1,Baneslayer Angel,Baneslayer Angel,Magic 2011 (M11),7,M11,Normal,Near Mint,English,Mythic,35383,389643
1,Cultivate (Alternate Art),Cultivate,Core Set 2021,317,M21,Foil,Near Mint,English,Rare,215558,4449013
1,Persist (Retro Frame),Persist,Modern Horizons 2,400,MH2,Foil,Near Mint,English,Rare,240126,4982917
1,Sun Titan,Sun Titan,Duel Decks: Heroes vs. Monsters,1,DDL,Foil,Near Mint,English,Mythic,70941,1130985
1,Grisly Salvage,Grisly Salvage,FNM Promos,11,FNM,Foil,Near Mint,English,Promo,71460,1134975
1,Sphinx's Revelation,Sphinx's Revelation,Return to Ravnica,200,RTR,Normal,Near Mint,English,Mythic,66497,1043551
1,"Kambal, Consul of Allocation","Kambal, Consul of Allocation",Kaladesh,183,KLD,Normal,Near Mint,English,Rare,122729,3201209
1,Pack Rat,Pack Rat,Return to Ravnica,73,RTR,Normal,Near Mint,English,Rare,66385,1042548
1,Ajani Vengeant,Ajani Vengeant,Duel Decks: Ajani vs. Nicol Bolas,1,DDH,Foil,Near Mint,English,Mythic,52109,500450
1,Silverblade Paladin,Silverblade Paladin,Avacyn Restored,36,AVR,Foil,Near Mint,English,Rare,58176,852087
1,Steel Leaf Champion,Steel Leaf Champion,Game Day & Store Championship Promos,182,GAME,Foil,Near Mint,English,Promo,162904,3624744
1,Worn Powerstone,Worn Powerstone,Urza's Saga,318,USG,Normal,Near Mint,English,Uncommon,7115,20581
1,Tinker,Tinker,Urza's Legacy,45,ULG,Normal,Near Mint,English,Uncommon,6400,19896
1,Oblivion Stone,Oblivion Stone,Iconic Masters,223,IMA,Normal,Near Mint,English,Rare,145326,3466787
1,Gideon Blackblade,Gideon Blackblade,War of the Spark,13,WAR,Normal,Near Mint,English,Mythic,188704,4005800
1,Ponder,Ponder,Magic 2010 (M10),68,M10,Normal,Near Mint,English,Common,32697,310804
1,Gaea's Will (Retro Frame),Gaea's Will,Modern Horizons 2,412,MH2,Foil,Near Mint,English,Rare,240252,4992880
1,Domri Rade,Domri Rade,Gatecrash,156,GTC,Normal,Near Mint,English,Mythic,67316,1066426
1,Oona's Prowler,Oona's Prowler,Lorwyn,133,LRW,Normal,Near Mint,English,Rare,15595,3743
1,Scavenging Ooze,Scavenging Ooze,Commander,170,CMD,Normal,Near Mint,English,Rare,47528,471909
1,Geist of Saint Traft,Geist of Saint Traft,Innistrad,213,ISD,Normal,Near Mint,English,Mythic,55933,505207
1,Light Up the Stage,Light Up the Stage,FNM Promos,107,FNM,Foil,Near Mint,English,Promo,182126,3925937
1,Stormbreath Dragon,Stormbreath Dragon,Theros,143,THS,Normal,Near Mint,English,Mythic,71048,1131898
1,Hero's Downfall,Hero's Downfall,Theros,90,THS,Normal,Near Mint,English,Rare,71183,1132833
1,Misdirection,Misdirection,Conspiracy,102,CNS,Normal,Near Mint,English,Rare,82890,1186449
1,Entreat the Angels,Entreat the Angels,Avacyn Restored,20,AVR,Normal,Near Mint,English,Mythic,58310,853494
1,Bloodbraid Elf,Bloodbraid Elf,Eternal Masters,197,EMA,Normal,Near Mint,English,Uncommon,118411,3144432
1,Grafdigger's Cage,Grafdigger's Cage,Dark Ascension,149,DKA,Normal,Near Mint,English,Rare,57673,760566
1,Terminate,Terminate,Alara Reborn,46,ARB,Foil,Near Mint,English,Common,31818,263085
1,"Nahiri, the Harbinger","Nahiri, the Harbinger",Shadows over Innistrad,247,SOI,Normal,Near Mint,English,Mythic,115277,3095407
1,Expedition Map,Expedition Map,Zendikar,201,ZEN,Normal,Near Mint,English,Common,33294,315204
1,Rekindling Phoenix,Rekindling Phoenix,Rivals of Ixalan,111,RIX,Normal,Near Mint,English,Mythic,155691,3569004
1,Meloku the Clouded Mirror,Meloku the Clouded Mirror,Modern Masters,52,MMA,Normal,Near Mint,English,Rare,68325,1091465
1,Beast Within,Beast Within,Planechase 2012,57,PC2,Normal,Near Mint,English,Uncommon,59585,933094
1,Dark Ritual,Dark Ritual,Strixhaven: Mystical Archives,26,STA,Normal,Near Mint,English,Rare,235245,4881768
1,Ulvenwald Tracker,Ulvenwald Tracker,Modern Masters 2017,144,MM3,Normal,Near Mint,English,Rare,128954,3319517
1,Regrowth,Regrowth,Strixhaven: Mystical Archives,56,STA,Foil,Near Mint,English,Rare,235610,4853742
1,Mutilate,Mutilate,Magic 2013 (M13),102,M13,Normal,Near Mint,English,Rare,59900,939012
1,Clever Impersonator,Clever Impersonator,Khans of Tarkir,34,KTK,Normal,Near Mint,English,Mythic,92948,1254806
1,Bonfire of the Damned,Bonfire of the Damned,Avacyn Restored,129,AVR,Normal,Near Mint,English,Mythic,58296,853345
1,Dragonmaster Outcast,Dragonmaster Outcast,Battle for Zendikar,144,BFZ,Normal,Near Mint,English,Mythic,105295,2955081
1,"Polukranos, World Eater","Polukranos, World Eater",Theros,172,THS,Normal,Near Mint,English,Mythic,70925,1130833
1,Mistcutter Hydra,Mistcutter Hydra,Theros,162,THS,Normal,Near Mint,English,Rare,71275,1133468
1,Restoration Angel,Restoration Angel,Avacyn Restored,32,AVR,Normal,Near Mint,English,Rare,58175,852069
1,Greater Gargadon,Greater Gargadon,Time Spiral,161,TSP,Normal,Near Mint,English,Rare,14251,25853
1,Delver of Secrets,Delver of Secrets,Innistrad,51,ISD,Normal,Near Mint,English,Common,56246,505915
1,Knight of the White Orchid,Knight of the White Orchid,Duel Decks: Knights vs. Dragons,6,DDG,Normal,Near Mint,English,Rare,46817,468049
1,Banishing Light,Banishing Light,FNM Promos,9,FNM,Foil,Near Mint,English,Promo,92498,1252189
1,Thespian's Stage,Thespian's Stage,Gatecrash,248,GTC,Normal,Near Mint,English,Rare,67444,1067722
1,Dovin's Veto,Dovin's Veto,Time Spiral: Remastered,375,TSR,Normal,Near Mint,English,Special,234272,4823199
1,Dig Through Time,Dig Through Time,Khans of Tarkir,36,KTK,Normal,Near Mint,English,Rare,93224,1258257
1,Ancient Grudge,Ancient Grudge,Innistrad,127,ISD,Foil,Near Mint,English,Common,56285,505996
1,Boros Charm,Boros Charm,Commander Legends,442,CMR,Normal,Near Mint,English,Uncommon,226890,4649061
1,Zealous Conscripts,Zealous Conscripts,Avacyn Restored,166,AVR,Normal,Near Mint,English,Rare,58300,853400
1,"Akroma, Angel of Fury","Akroma, Angel of Fury",Planar Chaos,94,PLC,Normal,Near Mint,English,Rare,14680,26161
1,Mind Stone,Mind Stone,Commander 2014,250,C14,Normal,Near Mint,English,Uncommon,94416,1271427
1,Farseek,Farseek,Magic 2013 (M13),170,M13,Normal,Near Mint,English,Common,60017,939231
1,Blade Splicer,Blade Splicer,New Phyrexia,4,NPH,Foil,Near Mint,English,Rare,39468,417429
1,Daze,Daze,Nemesis,30,NMS,Normal,Near Mint,English,Common,7142,20608
1,Memory Lapse,Memory Lapse,Strixhaven: Mystical Archives,16,STA,Foil,Near Mint,English,Rare,235396,4844777
1,Brainstorm,Brainstorm,Strixhaven: Mystical Archives,13,STA,Normal,Near Mint,English,Rare,235389,4881238
1,Gifts Ungiven,Gifts Ungiven,Modern Masters,46,MMA,Normal,Near Mint,English,Rare,68321,1091425
1,Lightning Helix,Lightning Helix,Strixhaven: Mystical Archives,62,STA,Normal,Near Mint,English,Rare,235493,4883148
1,Wall of Blossoms,Wall of Blossoms,From the Vault: Twenty,6,V13,Foil,Near Mint,English,Mythic,70785,1129980
1,Mirran Crusader,Mirran Crusader,Mirrodin Besieged,14,MBS,Normal,Near Mint,English,Rare,39033,413838
1,Inevitable Betrayal (Retro Frame),Inevitable Betrayal,Modern Horizons 2,390,MH2,Foil,Near Mint,English,Rare,240281,4995120
1,"Nissa, Steward of Elements","Nissa, Steward of Elements",Amonkhet,204,AKH,Normal,Near Mint,English,Mythic,130051,3327500
1,Aven Mindcensor,Aven Mindcensor,Amonkhet,5,AKH,Normal,Near Mint,English,Rare,129724,3325517
1,Wall of Omens,Wall of Omens,Rise of the Eldrazi,53,ROE,Normal,Near Mint,English,Uncommon,34747,385457
1,Rakdos Signet,Rakdos Signet,Dissension,165,DIS,Normal,Near Mint,English,Common,13931,25533
1,Frantic Search,Frantic Search,Urza's Legacy,32,ULG,Normal,Near Mint,English,Common,6313,19809
1,Izzet Signet,Izzet Signet,Guildpact,152,GPT,Normal,Near Mint,English,Common,13719,25321
1,Terastodon,Terastodon,Media Promos,A6,MEDIA,Foil,Near Mint,English,Promo,71285,1133528
1,Sundering Titan,Sundering Titan,Archenemy,118,ARC,Normal,Near Mint,English,Rare,37233,397285
1,Kitchen Finks,Kitchen Finks,Shadowmoor,229,SHM,Normal,Near Mint,English,Uncommon,18683,116865
1,Selesnya Signet,Selesnya Signet,Commander 2013,257,C13,Normal,Near Mint,English,Common,72259,1140139
1,Yahenni's Expertise,Yahenni's Expertise,Game Day & Store Championship Promos,75,GAME,Foil,Near Mint,English,Promo,125844,3254376
1,Mana Tithe,Mana Tithe,Planar Chaos,25,PLC,Normal,Near Mint,English,Common,14757,26238
1,Fireblast,Fireblast,Visions,79,VIS,Normal,Near Mint,English,Common,5841,19337
1,Exhume,Exhume,Urza's Saga,134,USG,Normal,Near Mint,English,Common,6864,20345
1,"Chandra, Pyromaster","Chandra, Pyromaster",Magic 2015 (M15),134,M15,Normal,Near Mint,English,Mythic,91063,1228772
1,Hymn to Tourach (Wolf),Hymn to Tourach,Fallen Empires,38a,FEM,Normal,Near Mint,English,Common,3680,17681
1,Nevinyrral's Disk,Nevinyrral's Disk,Modern Horizons 2,298,MH2,Foil,Near Mint,English,Rare,240046,4979420
1,Anger of the Gods,Anger of the Gods,Theros,112,THS,Normal,Near Mint,English,Rare,71191,1132861
1,Sol Talisman,Sol Talisman,Modern Horizons 2,236,MH2,Normal,Near Mint,English,Rare,240266,4993805
1,Spear of Heliod,Spear of Heliod,Theros,33,THS,Normal,Near Mint,English,Rare,71180,1132803
1,Grim Lavamancer,Grim Lavamancer,Premium Deck Series: Fire and Lightning,1,PD2,Foil,Near Mint,English,Rare,38674,412054
1,Sakura-Tribe Elder,Sakura-Tribe Elder,Champions of Kamigawa,239,CHK,Normal,Near Mint,English,Common,12154,24213
1,Ghost Quarter,Ghost Quarter,Innistrad,240,ISD,Normal,Near Mint,English,Uncommon,52174,500297
1,Akroma's Vengeance,Akroma's Vengeance,From the Vault: Twenty,11,V13,Foil,Near Mint,English,Mythic,70759,1129852
1,Figure of Destiny,Figure of Destiny,Modern Masters,189,MMA,Normal,Near Mint,English,Rare,68435,1092565
1,Phyrexian Revoker,Phyrexian Revoker,Magic 2015 (M15),225,M15,Normal,Near Mint,English,Rare,91089,1228981
1,Rude Awakening,Rude Awakening,Fifth Dawn,92,5DN,Normal,Near Mint,English,Rare,11861,23934
1,Brainstone (Retro Frame) (Foil Etched),Brainstone,Modern Horizons 2,426,MH2,Foil,Near Mint,English,Uncommon,239425,4953249
1,Bogardan Hellkite,Bogardan Hellkite,Duel Decks: Knights vs. Dragons,47,DDG,Foil,Near Mint,English,Mythic,46862,468189
1,Preordain,Preordain,Magic 2011 (M11),70,M11,Normal,Near Mint,English,Common,35529,390628
1,Abbot of Keral Keep,Abbot of Keral Keep,Magic Origins,127,ORI,Normal,Near Mint,English,Rare,100277,2898977
1,Control Magic,Control Magic,Duel Decks: Jace vs. Vraska,30,DDM,Normal,Near Mint,English,Uncommon,79923,1170181
1,"Linvala, the Preserver","Linvala, the Preserver",Oath of the Gatewatch,25,OGW,Normal,Near Mint,English,Mythic,110803,3042619
1,Spreading Seas,Spreading Seas,Zendikar,70,ZEN,Normal,Near Mint,English,Common,33438,315257
1,Gush,Gush,Mercadian Masques,82,MMQ,Normal,Near Mint,English,Common,6547,20040
1,Wear // Tear,Wear,Dragon's Maze,135,DGM,Normal,Near Mint,English,Uncommon,67878,1076372
1,Reflector Mage,Reflector Mage,Oath of the Gatewatch,157,OGW,Normal,Near Mint,English,Uncommon,110807,3042659
1,Qasali Pridemage,Qasali Pridemage,Alara Reborn,75,ARB,Normal,Near Mint,English,Common,31791,262719
1,Mimic Vat,Mimic Vat,Scars of Mirrodin,175,SOM,Normal,Near Mint,English,Rare,36514,394998
1,Inkwell Leviathan,Inkwell Leviathan,Premium Deck Series: Graveborn,10,GRV,Foil,Near Mint,English,Promo,57367,738338
1,Loxodon Warhammer,Loxodon Warhammer,Mirrodin,201,MRD,Normal,Near Mint,English,Uncommon,11305,7607
1,Azorius Signet,Azorius Signet,Modern Masters 2017,215,MM3,Normal,Near Mint,English,Uncommon,128635,3317137
1,Desecration Demon,Desecration Demon,Return to Ravnica,63,RTR,Normal,Near Mint,English,Rare,66465,1043347
1,Hornet Queen,Hornet Queen,Magic 2015 (M15),178,M15,Normal,Near Mint,English,Rare,90979,1228140
1,Arbor Elf,Arbor Elf,Magic 2013 (M13),160,M13,Normal,Near Mint,English,Common,60009,939129
1,Wake Thrasher,Wake Thrasher,Eventide,31,EVE,Normal,Near Mint,English,Rare,27234,182682
1,Despark,Despark,Strixhaven: Mystical Archives,59,STA,Normal,Near Mint,English,Rare,235293,4882033
1,Boros Reckoner,Boros Reckoner,Gatecrash,215,GTC,Normal,Near Mint,English,Rare,67481,1067964
1,Young Pyromancer,Young Pyromancer,Magic 2014 (M14),163,M14,Normal,Near Mint,English,Uncommon,69087,1097624
1,Heart of Kiran,Heart of Kiran,Aether Revolt,153,AER,Normal,Near Mint,English,Mythic,125847,3254396
1,Stromkirk Noble,Stromkirk Noble,Innistrad,164,ISD,Normal,Near Mint,English,Rare,52195,501156
1,Negate,Negate,Strixhaven: Mystical Archives,18,STA,Foil,Near Mint,English,Uncommon,235301,4843002
1,Frost Titan,Frost Titan,Magic 2011 (M11),55,M11,Normal,Near Mint,English,Mythic,35556,390987
1,Rift Bolt,Rift Bolt,Modern Masters,126,MMA,Normal,Near Mint,English,Common,68387,1092085
1,Tombstalker,Tombstalker,Modern Masters,102,MMA,Normal,Near Mint,English,Rare,68367,1091885
1,Myr Battlesphere,Myr Battlesphere,Scars of Mirrodin,180,SOM,Normal,Near Mint,English,Rare,36343,394281
1,Simic Signet,Simic Signet,Commander 2013,258,C13,Normal,Near Mint,English,Common,72264,1140164
1,Orzhov Signet,Orzhov Signet,Guildpact,155,GPT,Normal,Near Mint,English,Common,13744,25346
1,Mogg War Marshal,Mogg War Marshal,Modern Masters,122,MMA,Normal,Near Mint,English,Common,68383,1092045
1,Containment Priest,Containment Priest,Commander 2014,5,C14,Normal,Near Mint,English,Rare,94219,1270413
1,Harmonize,Harmonize,Strixhaven: Mystical Archives,52,STA,Normal,Near Mint,English,Rare,235317,4882778
1,Spectral Procession,Spectral Procession,Duel Decks: Sorin vs. Tibalt,26,DDK,Normal,Near Mint,English,Uncommon,67815,1075587
1,Slagstorm,Slagstorm,Mirrodin Besieged,75,MBS,Normal,Near Mint,English,Rare,39101,414274
1,Faithless Looting,Faithless Looting,Dark Ascension,87,DKA,Normal,Near Mint,English,Common,57594,759923
1,Vampire Nighthawk,Vampire Nighthawk,Zendikar,116,ZEN,Normal,Near Mint,English,Uncommon,33467,315290
1,Miscalculation,Miscalculation,Urza's Legacy,36,ULG,Normal,Near Mint,English,Common,6343,19839
1,Vampire Hexmage,Vampire Hexmage,Zendikar,114,ZEN,Normal,Near Mint,English,Uncommon,33465,315156
1,Imposing Sovereign,Imposing Sovereign,Magic 2014 (M14),22,M14,Normal,Near Mint,English,Rare,69892,1124624
1,Sarkhan the Masterless,Sarkhan the Masterless,War of the Spark,143,WAR,Normal,Near Mint,English,Rare,188706,4005820
1,Thirst for Knowledge,Thirst for Knowledge,Modern Masters,67,MMA,Normal,Near Mint,English,Uncommon,68337,1091585
1,Invisible Stalker,Invisible Stalker,Innistrad,60,ISD,Normal,Near Mint,English,Uncommon,52194,501155
1,Doom Blade,Doom Blade,Strixhaven: Mystical Archives,28,STA,Normal,Near Mint,English,Rare,235308,4882153
1,Rishadan Dockhand,Rishadan Dockhand,Modern Horizons 2,59,MH2,Normal,Near Mint,English,Rare,239401,4951789
1,Spell Pierce,Spell Pierce,Zendikar,67,ZEN,Normal,Near Mint,English,Common,33433,315336
1,Flame Slash,Flame Slash,Rise of the Eldrazi,145,ROE,Normal,Near Mint,English,Common,34839,385241
1,Putrefy,Putrefy,Strixhaven: Mystical Archives,63,STA,Normal,Near Mint,English,Rare,235357,4883693
1,Thragtusk,Thragtusk,Magic 2013 (M13),193,M13,Normal,Near Mint,English,Rare,59807,936903
1,Flametongue Kavu,Flametongue Kavu,Planeshift,60,PLS,Normal,Near Mint,English,Uncommon,7799,21244
1,Vault Skirge,Vault Skirge,New Phyrexia,76,NPH,Normal,Near Mint,English,Common,39598,417194
1,Tragic Slip,Tragic Slip,Duel Decks: Jace vs. Vraska,66,DDM,Normal,Near Mint,English,Common,79959,1170371
1,Dualcaster Mage,Dualcaster Mage,Commander 2014,34,C14,Normal,Near Mint,English,Rare,94111,1269716
1,Bloodchief's Thirst,Bloodchief's Thirst,Zendikar Rising,94,ZNR,Normal,Near Mint,English,Uncommon,221776,4539527
1,Earthshaker Khenra,Earthshaker Khenra,Hour of Devastation,90,HOU,Normal,Near Mint,English,Rare,135053,3411214
1,Judge's Familiar,Judge's Familiar,Ravnica Allegiance: Guild Kits,14,GK2,Normal,Near Mint,English,Uncommon,184804,3971236
1,"Gonti, Lord of Luxury","Gonti, Lord of Luxury",Commander: Zendikar Rising,44,ZNC,Normal,Near Mint,English,Rare,222528,4583350
1,Trygon Predator,Trygon Predator,Modern Masters,185,MMA,Normal,Near Mint,English,Uncommon,68432,1092535
1,Fact or Fiction,Fact or Fiction,Conspiracy,97,CNS,Normal,Near Mint,English,Uncommon,83190,1187660
1,Lingering Souls,Lingering Souls,Dark Ascension,12,DKA,Normal,Near Mint,English,Uncommon,57677,760611
1,Harsh Mentor,Harsh Mentor,Amonkhet,135,AKH,Normal,Near Mint,English,Rare,130065,3327630
1,Zealous Persecution,Zealous Persecution,Alara Reborn,85,ARB,Normal,Near Mint,English,Uncommon,31839,262827
1,Oblivion Ring,Oblivion Ring,Magic 2013 (M13),22,M13,Normal,Near Mint,English,Uncommon,59921,939156
1,Smallpox,Smallpox,Magic 2012 (M12),108,M12,Normal,Near Mint,English,Uncommon,47665,474799
1,"Kari Zev, Skyship Raider","Kari Zev, Skyship Raider",Aether Revolt,87,AER,Normal,Near Mint,English,Rare,126496,3259260
1,Intangible Virtue,Intangible Virtue,Eternal Masters,15,EMA,Normal,Near Mint,English,Uncommon,118620,3145932
1,Lovestruck Beast,Lovestruck Beast,Throne of Eldraine,165,ELD,Normal,Near Mint,English,Rare,198578,4181980
1,Nightpack Ambusher,Nightpack Ambusher,Core Set 2020,185,M20,Normal,Near Mint,English,Rare,192631,4101210
1,Treasure Cruise,Treasure Cruise,Khans of Tarkir,59,KTK,Normal,Near Mint,English,Common,93286,1258877
1,Scuttling Doom Engine,Scuttling Doom Engine,Magic 2015 (M15),229,M15,Normal,Near Mint,English,Rare,91275,1231523
1,Devil's Play,Devil's Play,Innistrad,140,ISD,Normal,Near Mint,English,Rare,52183,500304
1,Innocent Blood,Innocent Blood,Odyssey,145,ODY,Normal,Near Mint,English,Common,9420,22222
1,Murderous Cut,Murderous Cut,Khans of Tarkir,81,KTK,Normal,Near Mint,English,Uncommon,92977,1255094
1,Sorcerous Spyglass,Sorcerous Spyglass,Throne of Eldraine,233,ELD,Normal,Near Mint,English,Rare,198975,4192779
1,Nekrataal,Nekrataal,Duel Decks: Jace vs. Vraska,62,DDM,Normal,Near Mint,English,Uncommon,79977,1170461
1,Temur Battle Rage,Temur Battle Rage,Double Masters,146,2XM,Normal,Near Mint,English,Common,219600,4522555
1,Accorder Paladin,Accorder Paladin,Mirrodin Besieged,1,MBS,Normal,Near Mint,English,Uncommon,39039,413840
1,Selesnya Charm,Selesnya Charm,Return to Ravnica,194,RTR,Normal,Near Mint,English,Uncommon,66405,1042550
1,Reckless Charge,Reckless Charge,Odyssey,215,ODY,Normal,Near Mint,English,Common,9490,22292
1,Ultimate Price,Ultimate Price,Return to Ravnica,82,RTR,Normal,Near Mint,English,Uncommon,66503,1043620
1,Fiend Hunter,Fiend Hunter,Innistrad,15,ISD,Normal,Near Mint,English,Uncommon,52192,501133
1,Cathartic Reunion,Cathartic Reunion,Kaladesh,109,KLD,Normal,Near Mint,English,Common,123063,3203352
1,Ghor-Clan Rampager,Ghor-Clan Rampager,Gatecrash,167,GTC,Normal,Near Mint,English,Uncommon,67418,1067454
1,Lightning Mauler,Lightning Mauler,Avacyn Restored,144,AVR,Normal,Near Mint,English,Uncommon,58362,855017
1,Madcap Skills,Madcap Skills,Gatecrash,98,GTC,Normal,Near Mint,English,Common,67497,1067915
